Year,Forecast_Inflation_Rate
2025,2.7163716091790198
2026,2.715126642654298
2027,2.7149813244497394
2028,2.7149643622421964
2029,2.7149623823355107
