Year,Forecast_Inflation_Rate
2025,2.5339090376610107
2026,2.647607876846071
2027,2.5976494947619666
2028,2.6196008177336907
2029,2.609955577833853
