Year,Forecast_Inflation_Rate
2025,3.3394558813353394
2026,2.815586902822554
2027,2.8783755380662535
2028,2.870849967976269
2029,2.8717519497594286
